pool	sample	sample_id	sample_type	expected_cells	min_umi_threshold	fastq_dir 1	fastq_dir 2	fastq_dir 3	fastq_dir	sample_to_well_mapping	i7_barcode	i5_barcode	notes 1	notes 2	read1_length	read2_length	paired_guide_pool	paired_guide_sample	paired_guide_sample_id
pool1	gex_1	pool1:gex_1	gex	50000	771.875	/oak/stanford/groups/engreitz/Users/tonyzeng/GW_PERTURB/data/20250523_LH00826_0055_B22TL3GLT4/May2025_GW_pool1	/oak/stanford/groups/engreitz/Users/tonyzeng/GW_PERTURB/data/20250730_LH00132_0550_A22F3YKLT4/May2025_GW_pool1	NA	/oak/stanford/groups/engreitz/Users/tonyzeng/GW_PERTURB/data/20250523_LH00826_0055_B22TL3GLT4/May2025_GW_pool1;/oak/stanford/groups/engreitz/Users/tonyzeng/GW_PERTURB/data/20250730_LH00132_0550_A22F3YKLT4/May2025_GW_pool1	plate1	GAACTGAGCG	CGCTCCACGA	May2025 pilot seq		150	150	pool1	guide_1	pool1:guide_1
pool1	gex_2	pool1:gex_2	gex	50000	771.875	/oak/stanford/groups/engreitz/Users/tonyzeng/GW_PERTURB/data/20250523_LH00826_0055_B22TL3GLT4/May2025_GW_pool1	/oak/stanford/groups/engreitz/Users/tonyzeng/GW_PERTURB/data/20250730_LH00132_0550_A22F3YKLT4/May2025_GW_pool1	NA	/oak/stanford/groups/engreitz/Users/tonyzeng/GW_PERTURB/data/20250523_LH00826_0055_B22TL3GLT4/May2025_GW_pool1;/oak/stanford/groups/engreitz/Users/tonyzeng/GW_PERTURB/data/20250730_LH00132_0550_A22F3YKLT4/May2025_GW_pool1	plate1	AGGTCAGATA	TATCTTGTAG	May2025 pilot seq		150	150	pool1	guide_2	pool1:guide_2
pool1	gex_3	pool1:gex_3	gex	50000	771.875	/oak/stanford/groups/engreitz/Users/tonyzeng/GW_PERTURB/data/20250523_LH00826_0055_B22TL3GLT4/May2025_GW_pool1	/oak/stanford/groups/engreitz/Users/tonyzeng/GW_PERTURB/data/20250730_LH00132_0550_A22F3YKLT4/May2025_GW_pool1	NA	/oak/stanford/groups/engreitz/Users/tonyzeng/GW_PERTURB/data/20250523_LH00826_0055_B22TL3GLT4/May2025_GW_pool1;/oak/stanford/groups/engreitz/Users/tonyzeng/GW_PERTURB/data/20250730_LH00132_0550_A22F3YKLT4/May2025_GW_pool1	plate1	CGACATCCGA	AATGAACGTA	May2025 pilot seq		150	150	pool1	guide_3	pool1:guide_3
pool1	gex_4	pool1:gex_4	gex	50000	771.875	/oak/stanford/groups/engreitz/Users/tonyzeng/GW_PERTURB/data/20250523_LH00826_0055_B22TL3GLT4/May2025_GW_pool1	/oak/stanford/groups/engreitz/Users/tonyzeng/GW_PERTURB/data/20250730_LH00132_0550_A22F3YKLT4/May2025_GW_pool1	NA	/oak/stanford/groups/engreitz/Users/tonyzeng/GW_PERTURB/data/20250523_LH00826_0055_B22TL3GLT4/May2025_GW_pool1;/oak/stanford/groups/engreitz/Users/tonyzeng/GW_PERTURB/data/20250730_LH00132_0550_A22F3YKLT4/May2025_GW_pool1	plate1	ATTCCATAAG	CCACCAGGCA	May2025 pilot seq		150	150	pool1	guide_4	pool1:guide_4
pool1	gex_5	pool1:gex_5	gex	50000	771.875	/oak/stanford/groups/engreitz/Users/tonyzeng/GW_PERTURB/data/20250523_LH00826_0055_B22TL3GLT4/May2025_GW_pool1	/oak/stanford/groups/engreitz/Users/tonyzeng/GW_PERTURB/data/20250730_LH00132_0550_A22F3YKLT4/May2025_GW_pool1	NA	/oak/stanford/groups/engreitz/Users/tonyzeng/GW_PERTURB/data/20250523_LH00826_0055_B22TL3GLT4/May2025_GW_pool1;/oak/stanford/groups/engreitz/Users/tonyzeng/GW_PERTURB/data/20250730_LH00132_0550_A22F3YKLT4/May2025_GW_pool1	plate1	CACAATAGGA	CTCGGATGGA	May2025 pilot seq		150	150	pool1	guide_5	pool1:guide_5
pool1	gex_6	pool1:gex_6	gex	50000	771.875	/oak/stanford/groups/engreitz/Users/tonyzeng/GW_PERTURB/data/20250523_LH00826_0055_B22TL3GLT4/May2025_GW_pool1	/oak/stanford/groups/engreitz/Users/tonyzeng/GW_PERTURB/data/20250730_LH00132_0550_A22F3YKLT4/May2025_GW_pool1	NA	/oak/stanford/groups/engreitz/Users/tonyzeng/GW_PERTURB/data/20250523_LH00826_0055_B22TL3GLT4/May2025_GW_pool1;/oak/stanford/groups/engreitz/Users/tonyzeng/GW_PERTURB/data/20250730_LH00132_0550_A22F3YKLT4/May2025_GW_pool1	plate1	AACATCGCGC	ACAAGTGGAC	May2025 pilot seq		150	150	pool1	guide_6	pool1:guide_6
pool1	gex_7	pool1:gex_7	gex	50000	771.875	/oak/stanford/groups/engreitz/Users/tonyzeng/GW_PERTURB/data/20250523_LH00826_0055_B22TL3GLT4/May2025_GW_pool1	/oak/stanford/groups/engreitz/Users/tonyzeng/GW_PERTURB/data/20250730_LH00132_0550_A22F3YKLT4/May2025_GW_pool1	NA	/oak/stanford/groups/engreitz/Users/tonyzeng/GW_PERTURB/data/20250523_LH00826_0055_B22TL3GLT4/May2025_GW_pool1;/oak/stanford/groups/engreitz/Users/tonyzeng/GW_PERTURB/data/20250730_LH00132_0550_A22F3YKLT4/May2025_GW_pool1	plate1	CTAGTGCTCT	TACTGTTCCA	May2025 pilot seq		150	150	pool1	guide_7	pool1:guide_7
pool1	gex_8	pool1:gex_8	gex	50000	771.875	/oak/stanford/groups/engreitz/Users/tonyzeng/GW_PERTURB/data/20250523_LH00826_0055_B22TL3GLT4/May2025_GW_pool1	/oak/stanford/groups/engreitz/Users/tonyzeng/GW_PERTURB/data/20250730_LH00132_0550_A22F3YKLT4/May2025_GW_pool1	NA	/oak/stanford/groups/engreitz/Users/tonyzeng/GW_PERTURB/data/20250523_LH00826_0055_B22TL3GLT4/May2025_GW_pool1;/oak/stanford/groups/engreitz/Users/tonyzeng/GW_PERTURB/data/20250730_LH00132_0550_A22F3YKLT4/May2025_GW_pool1	plate1	GATCAAGGCA	ATTAACAAGG	May2025 pilot seq		150	150	pool1	guide_8	pool1:guide_8
pool1	guide_1	pool1:guide_1	guide	NA	NA	/oak/stanford/groups/engreitz/Users/tonyzeng/GW_PERTURB/data/20250523_LH00826_0055_B22TL3GLT4/May2025_GW_pool1	/oak/stanford/groups/engreitz/Users/tonyzeng/GW_PERTURB/data/20250730_LH00132_0550_A22F3YKLT4/May2025_GW_pool1	NA	/oak/stanford/groups/engreitz/Users/tonyzeng/GW_PERTURB/data/20250523_LH00826_0055_B22TL3GLT4/May2025_GW_pool1;/oak/stanford/groups/engreitz/Users/tonyzeng/GW_PERTURB/data/20250730_LH00132_0550_A22F3YKLT4/May2025_GW_pool1	plate1	TGCCGGTCAG	TTGTATCAGG	May2025 pilot seq		150	150	NA	NA	NA
pool1	guide_2	pool1:guide_2	guide	NA	NA	/oak/stanford/groups/engreitz/Users/tonyzeng/GW_PERTURB/data/20250523_LH00826_0055_B22TL3GLT4/May2025_GW_pool1	/oak/stanford/groups/engreitz/Users/tonyzeng/GW_PERTURB/data/20250730_LH00132_0550_A22F3YKLT4/May2025_GW_pool1	NA	/oak/stanford/groups/engreitz/Users/tonyzeng/GW_PERTURB/data/20250523_LH00826_0055_B22TL3GLT4/May2025_GW_pool1;/oak/stanford/groups/engreitz/Users/tonyzeng/GW_PERTURB/data/20250730_LH00132_0550_A22F3YKLT4/May2025_GW_pool1	plate1	CACTCAATTC	CACAACTTAA	May2025 pilot seq		150	150	NA	NA	NA
pool1	guide_3	pool1:guide_3	guide	NA	NA	/oak/stanford/groups/engreitz/Users/tonyzeng/GW_PERTURB/data/20250523_LH00826_0055_B22TL3GLT4/May2025_GW_pool1	/oak/stanford/groups/engreitz/Users/tonyzeng/GW_PERTURB/data/20250730_LH00132_0550_A22F3YKLT4/May2025_GW_pool1	NA	/oak/stanford/groups/engreitz/Users/tonyzeng/GW_PERTURB/data/20250523_LH00826_0055_B22TL3GLT4/May2025_GW_pool1;/oak/stanford/groups/engreitz/Users/tonyzeng/GW_PERTURB/data/20250730_LH00132_0550_A22F3YKLT4/May2025_GW_pool1	plate1	TCTCACACGC	TCACTGTCCG	May2025 pilot seq		150	150	NA	NA	NA
pool1	guide_4	pool1:guide_4	guide	NA	NA	/oak/stanford/groups/engreitz/Users/tonyzeng/GW_PERTURB/data/20250523_LH00826_0055_B22TL3GLT4/May2025_GW_pool1	/oak/stanford/groups/engreitz/Users/tonyzeng/GW_PERTURB/data/20250730_LH00132_0550_A22F3YKLT4/May2025_GW_pool1	NA	/oak/stanford/groups/engreitz/Users/tonyzeng/GW_PERTURB/data/20250523_LH00826_0055_B22TL3GLT4/May2025_GW_pool1;/oak/stanford/groups/engreitz/Users/tonyzeng/GW_PERTURB/data/20250730_LH00132_0550_A22F3YKLT4/May2025_GW_pool1	plate1	TCAATGGAGA	GTTGTAGTGC	May2025 pilot seq		150	150	NA	NA	NA
pool1	guide_5	pool1:guide_5	guide	NA	NA	/oak/stanford/groups/engreitz/Users/tonyzeng/GW_PERTURB/data/20250523_LH00826_0055_B22TL3GLT4/May2025_GW_pool1	/oak/stanford/groups/engreitz/Users/tonyzeng/GW_PERTURB/data/20250730_LH00132_0550_A22F3YKLT4/May2025_GW_pool1	NA	/oak/stanford/groups/engreitz/Users/tonyzeng/GW_PERTURB/data/20250523_LH00826_0055_B22TL3GLT4/May2025_GW_pool1;/oak/stanford/groups/engreitz/Users/tonyzeng/GW_PERTURB/data/20250730_LH00132_0550_A22F3YKLT4/May2025_GW_pool1	plate1	ATATGCATGT	CCAGGCACCA	May2025 pilot seq		150	150	NA	NA	NA
pool1	guide_6	pool1:guide_6	guide	NA	NA	/oak/stanford/groups/engreitz/Users/tonyzeng/GW_PERTURB/data/20250523_LH00826_0055_B22TL3GLT4/May2025_GW_pool1	/oak/stanford/groups/engreitz/Users/tonyzeng/GW_PERTURB/data/20250730_LH00132_0550_A22F3YKLT4/May2025_GW_pool1	NA	/oak/stanford/groups/engreitz/Users/tonyzeng/GW_PERTURB/data/20250523_LH00826_0055_B22TL3GLT4/May2025_GW_pool1;/oak/stanford/groups/engreitz/Users/tonyzeng/GW_PERTURB/data/20250730_LH00132_0550_A22F3YKLT4/May2025_GW_pool1	plate1	CTAGCTTCAA	AGCTTACACA	May2025 pilot seq		150	150	NA	NA	NA
pool1	guide_7	pool1:guide_7	guide	NA	NA	/oak/stanford/groups/engreitz/Users/tonyzeng/GW_PERTURB/data/20250523_LH00826_0055_B22TL3GLT4/May2025_GW_pool1	/oak/stanford/groups/engreitz/Users/tonyzeng/GW_PERTURB/data/20250730_LH00132_0550_A22F3YKLT4/May2025_GW_pool1	NA	/oak/stanford/groups/engreitz/Users/tonyzeng/GW_PERTURB/data/20250523_LH00826_0055_B22TL3GLT4/May2025_GW_pool1;/oak/stanford/groups/engreitz/Users/tonyzeng/GW_PERTURB/data/20250730_LH00132_0550_A22F3YKLT4/May2025_GW_pool1	plate1	TCCGTTATGT	TACACTACAA	May2025 pilot seq		150	150	NA	NA	NA
pool1	guide_8	pool1:guide_8	guide	NA	NA	/oak/stanford/groups/engreitz/Users/tonyzeng/GW_PERTURB/data/20250523_LH00826_0055_B22TL3GLT4/May2025_GW_pool1	/oak/stanford/groups/engreitz/Users/tonyzeng/GW_PERTURB/data/20250730_LH00132_0550_A22F3YKLT4/May2025_GW_pool1	NA	/oak/stanford/groups/engreitz/Users/tonyzeng/GW_PERTURB/data/20250523_LH00826_0055_B22TL3GLT4/May2025_GW_pool1;/oak/stanford/groups/engreitz/Users/tonyzeng/GW_PERTURB/data/20250730_LH00132_0550_A22F3YKLT4/May2025_GW_pool1	plate1	GGTCTATTAA	CGTGTCGTGG	May2025 pilot seq		150	150	NA	NA	NA
pool2	gex_1	pool2:gex_1	gex	50000	771.875	/oak/stanford/groups/engreitz/Users/tonyzeng/GW_PERTURB/data/20250523_LH00826_0055_B22TL3GLT4/May2025_GW_pool2	/oak/stanford/groups/engreitz/Users/tonyzeng/GW_PERTURB/data/20250730_LH00132_0550_A22F3YKLT4/May2025_GW_pool2	/oak/stanford/groups/engreitz/Users/tonyzeng/GW_PERTURB/data/20250801_LH00416_0291_B22F3WTLT4/May2025_GW_pool2	/oak/stanford/groups/engreitz/Users/tonyzeng/GW_PERTURB/data/20250523_LH00826_0055_B22TL3GLT4/May2025_GW_pool2;/oak/stanford/groups/engreitz/Users/tonyzeng/GW_PERTURB/data/20250730_LH00132_0550_A22F3YKLT4/May2025_GW_pool2;/oak/stanford/groups/engreitz/Users/tonyzeng/GW_PERTURB/data/20250801_LH00416_0291_B22F3WTLT4/May2025_GW_pool2	plate2	GAACTGAGCG	CGCTCCACGA	May2025 pilot seq	SAMPLE MIXUP	150	150	pool3	guide_batch_2	pool3:guide_batch_2
pool2	gex_2	pool2:gex_2	gex	50000	771.875	/oak/stanford/groups/engreitz/Users/tonyzeng/GW_PERTURB/data/20250523_LH00826_0055_B22TL3GLT4/May2025_GW_pool2	/oak/stanford/groups/engreitz/Users/tonyzeng/GW_PERTURB/data/20250730_LH00132_0550_A22F3YKLT4/May2025_GW_pool2	/oak/stanford/groups/engreitz/Users/tonyzeng/GW_PERTURB/data/20250801_LH00416_0291_B22F3WTLT4/May2025_GW_pool2	/oak/stanford/groups/engreitz/Users/tonyzeng/GW_PERTURB/data/20250523_LH00826_0055_B22TL3GLT4/May2025_GW_pool2;/oak/stanford/groups/engreitz/Users/tonyzeng/GW_PERTURB/data/20250730_LH00132_0550_A22F3YKLT4/May2025_GW_pool2;/oak/stanford/groups/engreitz/Users/tonyzeng/GW_PERTURB/data/20250801_LH00416_0291_B22F3WTLT4/May2025_GW_pool2	plate2	AGGTCAGATA	TATCTTGTAG	May2025 pilot seq		150	150	pool2	guide_2	pool2:guide_2
pool2	gex_3	pool2:gex_3	gex	50000	771.875	/oak/stanford/groups/engreitz/Users/tonyzeng/GW_PERTURB/data/20250523_LH00826_0055_B22TL3GLT4/May2025_GW_pool2	/oak/stanford/groups/engreitz/Users/tonyzeng/GW_PERTURB/data/20250730_LH00132_0550_A22F3YKLT4/May2025_GW_pool2	/oak/stanford/groups/engreitz/Users/tonyzeng/GW_PERTURB/data/20250801_LH00416_0291_B22F3WTLT4/May2025_GW_pool2	/oak/stanford/groups/engreitz/Users/tonyzeng/GW_PERTURB/data/20250523_LH00826_0055_B22TL3GLT4/May2025_GW_pool2;/oak/stanford/groups/engreitz/Users/tonyzeng/GW_PERTURB/data/20250730_LH00132_0550_A22F3YKLT4/May2025_GW_pool2;/oak/stanford/groups/engreitz/Users/tonyzeng/GW_PERTURB/data/20250801_LH00416_0291_B22F3WTLT4/May2025_GW_pool2	plate2	CGACATCCGA	AATGAACGTA	May2025 pilot seq		150	150	pool2	guide_3	pool2:guide_3
pool2	gex_4	pool2:gex_4	gex	50000	771.875	/oak/stanford/groups/engreitz/Users/tonyzeng/GW_PERTURB/data/20250523_LH00826_0055_B22TL3GLT4/May2025_GW_pool2	/oak/stanford/groups/engreitz/Users/tonyzeng/GW_PERTURB/data/20250730_LH00132_0550_A22F3YKLT4/May2025_GW_pool2	/oak/stanford/groups/engreitz/Users/tonyzeng/GW_PERTURB/data/20250801_LH00416_0291_B22F3WTLT4/May2025_GW_pool2	/oak/stanford/groups/engreitz/Users/tonyzeng/GW_PERTURB/data/20250523_LH00826_0055_B22TL3GLT4/May2025_GW_pool2;/oak/stanford/groups/engreitz/Users/tonyzeng/GW_PERTURB/data/20250730_LH00132_0550_A22F3YKLT4/May2025_GW_pool2;/oak/stanford/groups/engreitz/Users/tonyzeng/GW_PERTURB/data/20250801_LH00416_0291_B22F3WTLT4/May2025_GW_pool2	plate2	ATTCCATAAG	CCACCAGGCA	May2025 pilot seq		150	150	pool2	guide_4	pool2:guide_4
pool2	gex_5	pool2:gex_5	gex	50000	771.875	/oak/stanford/groups/engreitz/Users/tonyzeng/GW_PERTURB/data/20250523_LH00826_0055_B22TL3GLT4/May2025_GW_pool2	/oak/stanford/groups/engreitz/Users/tonyzeng/GW_PERTURB/data/20250730_LH00132_0550_A22F3YKLT4/May2025_GW_pool2	/oak/stanford/groups/engreitz/Users/tonyzeng/GW_PERTURB/data/20250801_LH00416_0291_B22F3WTLT4/May2025_GW_pool2	/oak/stanford/groups/engreitz/Users/tonyzeng/GW_PERTURB/data/20250523_LH00826_0055_B22TL3GLT4/May2025_GW_pool2;/oak/stanford/groups/engreitz/Users/tonyzeng/GW_PERTURB/data/20250730_LH00132_0550_A22F3YKLT4/May2025_GW_pool2;/oak/stanford/groups/engreitz/Users/tonyzeng/GW_PERTURB/data/20250801_LH00416_0291_B22F3WTLT4/May2025_GW_pool2	plate2	CACAATAGGA	CTCGGATGGA	May2025 pilot seq		150	150	pool2	guide_5	pool2:guide_5
pool2	gex_6	pool2:gex_6	gex	50000	771.875	/oak/stanford/groups/engreitz/Users/tonyzeng/GW_PERTURB/data/20250523_LH00826_0055_B22TL3GLT4/May2025_GW_pool2	/oak/stanford/groups/engreitz/Users/tonyzeng/GW_PERTURB/data/20250730_LH00132_0550_A22F3YKLT4/May2025_GW_pool2	/oak/stanford/groups/engreitz/Users/tonyzeng/GW_PERTURB/data/20250801_LH00416_0291_B22F3WTLT4/May2025_GW_pool2	/oak/stanford/groups/engreitz/Users/tonyzeng/GW_PERTURB/data/20250523_LH00826_0055_B22TL3GLT4/May2025_GW_pool2;/oak/stanford/groups/engreitz/Users/tonyzeng/GW_PERTURB/data/20250730_LH00132_0550_A22F3YKLT4/May2025_GW_pool2;/oak/stanford/groups/engreitz/Users/tonyzeng/GW_PERTURB/data/20250801_LH00416_0291_B22F3WTLT4/May2025_GW_pool2	plate2	AACATCGCGC	ACAAGTGGAC	May2025 pilot seq		150	150	pool2	guide_6	pool2:guide_6
pool2	gex_7	pool2:gex_7	gex	50000	771.875	/oak/stanford/groups/engreitz/Users/tonyzeng/GW_PERTURB/data/20250523_LH00826_0055_B22TL3GLT4/May2025_GW_pool2	/oak/stanford/groups/engreitz/Users/tonyzeng/GW_PERTURB/data/20250730_LH00132_0550_A22F3YKLT4/May2025_GW_pool2	/oak/stanford/groups/engreitz/Users/tonyzeng/GW_PERTURB/data/20250801_LH00416_0291_B22F3WTLT4/May2025_GW_pool2	/oak/stanford/groups/engreitz/Users/tonyzeng/GW_PERTURB/data/20250523_LH00826_0055_B22TL3GLT4/May2025_GW_pool2;/oak/stanford/groups/engreitz/Users/tonyzeng/GW_PERTURB/data/20250730_LH00132_0550_A22F3YKLT4/May2025_GW_pool2;/oak/stanford/groups/engreitz/Users/tonyzeng/GW_PERTURB/data/20250801_LH00416_0291_B22F3WTLT4/May2025_GW_pool2	plate2	CTAGTGCTCT	TACTGTTCCA	May2025 pilot seq		150	150	pool2	guide_7	pool2:guide_7
pool2	gex_8	pool2:gex_8	gex	50000	771.875	/oak/stanford/groups/engreitz/Users/tonyzeng/GW_PERTURB/data/20250523_LH00826_0055_B22TL3GLT4/May2025_GW_pool2	/oak/stanford/groups/engreitz/Users/tonyzeng/GW_PERTURB/data/20250730_LH00132_0550_A22F3YKLT4/May2025_GW_pool2	/oak/stanford/groups/engreitz/Users/tonyzeng/GW_PERTURB/data/20250801_LH00416_0291_B22F3WTLT4/May2025_GW_pool2	/oak/stanford/groups/engreitz/Users/tonyzeng/GW_PERTURB/data/20250523_LH00826_0055_B22TL3GLT4/May2025_GW_pool2;/oak/stanford/groups/engreitz/Users/tonyzeng/GW_PERTURB/data/20250730_LH00132_0550_A22F3YKLT4/May2025_GW_pool2;/oak/stanford/groups/engreitz/Users/tonyzeng/GW_PERTURB/data/20250801_LH00416_0291_B22F3WTLT4/May2025_GW_pool2	plate2	GATCAAGGCA	ATTAACAAGG	May2025 pilot seq		150	150	pool2	guide_8	pool2:guide_8
pool2	guide_1	pool2:guide_1	guide	NA	NA	/oak/stanford/groups/engreitz/Users/tonyzeng/GW_PERTURB/data/20250523_LH00826_0055_B22TL3GLT4/May2025_GW_pool2	/oak/stanford/groups/engreitz/Users/tonyzeng/GW_PERTURB/data/20250730_LH00132_0550_A22F3YKLT4/May2025_GW_pool2	/oak/stanford/groups/engreitz/Users/tonyzeng/GW_PERTURB/data/20250801_LH00416_0291_B22F3WTLT4/May2025_GW_pool2	/oak/stanford/groups/engreitz/Users/tonyzeng/GW_PERTURB/data/20250523_LH00826_0055_B22TL3GLT4/May2025_GW_pool2;/oak/stanford/groups/engreitz/Users/tonyzeng/GW_PERTURB/data/20250730_LH00132_0550_A22F3YKLT4/May2025_GW_pool2;/oak/stanford/groups/engreitz/Users/tonyzeng/GW_PERTURB/data/20250801_LH00416_0291_B22F3WTLT4/May2025_GW_pool2	plate2	TGCCGGTCAG	TTGTATCAGG	May2025 pilot seq		150	150	NA	NA	NA
pool2	guide_2	pool2:guide_2	guide	NA	NA	/oak/stanford/groups/engreitz/Users/tonyzeng/GW_PERTURB/data/20250523_LH00826_0055_B22TL3GLT4/May2025_GW_pool2	/oak/stanford/groups/engreitz/Users/tonyzeng/GW_PERTURB/data/20250730_LH00132_0550_A22F3YKLT4/May2025_GW_pool2	/oak/stanford/groups/engreitz/Users/tonyzeng/GW_PERTURB/data/20250801_LH00416_0291_B22F3WTLT4/May2025_GW_pool2	/oak/stanford/groups/engreitz/Users/tonyzeng/GW_PERTURB/data/20250523_LH00826_0055_B22TL3GLT4/May2025_GW_pool2;/oak/stanford/groups/engreitz/Users/tonyzeng/GW_PERTURB/data/20250730_LH00132_0550_A22F3YKLT4/May2025_GW_pool2;/oak/stanford/groups/engreitz/Users/tonyzeng/GW_PERTURB/data/20250801_LH00416_0291_B22F3WTLT4/May2025_GW_pool2	plate2	CACTCAATTC	CACAACTTAA	May2025 pilot seq		150	150	NA	NA	NA
pool2	guide_3	pool2:guide_3	guide	NA	NA	/oak/stanford/groups/engreitz/Users/tonyzeng/GW_PERTURB/data/20250523_LH00826_0055_B22TL3GLT4/May2025_GW_pool2	/oak/stanford/groups/engreitz/Users/tonyzeng/GW_PERTURB/data/20250730_LH00132_0550_A22F3YKLT4/May2025_GW_pool2	/oak/stanford/groups/engreitz/Users/tonyzeng/GW_PERTURB/data/20250801_LH00416_0291_B22F3WTLT4/May2025_GW_pool2	/oak/stanford/groups/engreitz/Users/tonyzeng/GW_PERTURB/data/20250523_LH00826_0055_B22TL3GLT4/May2025_GW_pool2;/oak/stanford/groups/engreitz/Users/tonyzeng/GW_PERTURB/data/20250730_LH00132_0550_A22F3YKLT4/May2025_GW_pool2;/oak/stanford/groups/engreitz/Users/tonyzeng/GW_PERTURB/data/20250801_LH00416_0291_B22F3WTLT4/May2025_GW_pool2	plate2	TCTCACACGC	TCACTGTCCG	May2025 pilot seq		150	150	NA	NA	NA
pool2	guide_4	pool2:guide_4	guide	NA	NA	/oak/stanford/groups/engreitz/Users/tonyzeng/GW_PERTURB/data/20250523_LH00826_0055_B22TL3GLT4/May2025_GW_pool2	/oak/stanford/groups/engreitz/Users/tonyzeng/GW_PERTURB/data/20250730_LH00132_0550_A22F3YKLT4/May2025_GW_pool2	/oak/stanford/groups/engreitz/Users/tonyzeng/GW_PERTURB/data/20250801_LH00416_0291_B22F3WTLT4/May2025_GW_pool2	/oak/stanford/groups/engreitz/Users/tonyzeng/GW_PERTURB/data/20250523_LH00826_0055_B22TL3GLT4/May2025_GW_pool2;/oak/stanford/groups/engreitz/Users/tonyzeng/GW_PERTURB/data/20250730_LH00132_0550_A22F3YKLT4/May2025_GW_pool2;/oak/stanford/groups/engreitz/Users/tonyzeng/GW_PERTURB/data/20250801_LH00416_0291_B22F3WTLT4/May2025_GW_pool2	plate2	TCAATGGAGA	GTTGTAGTGC	May2025 pilot seq		150	150	NA	NA	NA
pool2	guide_5	pool2:guide_5	guide	NA	NA	/oak/stanford/groups/engreitz/Users/tonyzeng/GW_PERTURB/data/20250523_LH00826_0055_B22TL3GLT4/May2025_GW_pool2	/oak/stanford/groups/engreitz/Users/tonyzeng/GW_PERTURB/data/20250730_LH00132_0550_A22F3YKLT4/May2025_GW_pool2	/oak/stanford/groups/engreitz/Users/tonyzeng/GW_PERTURB/data/20250801_LH00416_0291_B22F3WTLT4/May2025_GW_pool2	/oak/stanford/groups/engreitz/Users/tonyzeng/GW_PERTURB/data/20250523_LH00826_0055_B22TL3GLT4/May2025_GW_pool2;/oak/stanford/groups/engreitz/Users/tonyzeng/GW_PERTURB/data/20250730_LH00132_0550_A22F3YKLT4/May2025_GW_pool2;/oak/stanford/groups/engreitz/Users/tonyzeng/GW_PERTURB/data/20250801_LH00416_0291_B22F3WTLT4/May2025_GW_pool2	plate2	ATATGCATGT	CCAGGCACCA	May2025 pilot seq		150	150	NA	NA	NA
pool2	guide_6	pool2:guide_6	guide	NA	NA	/oak/stanford/groups/engreitz/Users/tonyzeng/GW_PERTURB/data/20250523_LH00826_0055_B22TL3GLT4/May2025_GW_pool2	/oak/stanford/groups/engreitz/Users/tonyzeng/GW_PERTURB/data/20250730_LH00132_0550_A22F3YKLT4/May2025_GW_pool2	/oak/stanford/groups/engreitz/Users/tonyzeng/GW_PERTURB/data/20250801_LH00416_0291_B22F3WTLT4/May2025_GW_pool2	/oak/stanford/groups/engreitz/Users/tonyzeng/GW_PERTURB/data/20250523_LH00826_0055_B22TL3GLT4/May2025_GW_pool2;/oak/stanford/groups/engreitz/Users/tonyzeng/GW_PERTURB/data/20250730_LH00132_0550_A22F3YKLT4/May2025_GW_pool2;/oak/stanford/groups/engreitz/Users/tonyzeng/GW_PERTURB/data/20250801_LH00416_0291_B22F3WTLT4/May2025_GW_pool2	plate2	CTAGCTTCAA	AGCTTACACA	May2025 pilot seq		150	150	NA	NA	NA
pool2	guide_7	pool2:guide_7	guide	NA	NA	/oak/stanford/groups/engreitz/Users/tonyzeng/GW_PERTURB/data/20250523_LH00826_0055_B22TL3GLT4/May2025_GW_pool2	/oak/stanford/groups/engreitz/Users/tonyzeng/GW_PERTURB/data/20250730_LH00132_0550_A22F3YKLT4/May2025_GW_pool2	/oak/stanford/groups/engreitz/Users/tonyzeng/GW_PERTURB/data/20250801_LH00416_0291_B22F3WTLT4/May2025_GW_pool2	/oak/stanford/groups/engreitz/Users/tonyzeng/GW_PERTURB/data/20250523_LH00826_0055_B22TL3GLT4/May2025_GW_pool2;/oak/stanford/groups/engreitz/Users/tonyzeng/GW_PERTURB/data/20250730_LH00132_0550_A22F3YKLT4/May2025_GW_pool2;/oak/stanford/groups/engreitz/Users/tonyzeng/GW_PERTURB/data/20250801_LH00416_0291_B22F3WTLT4/May2025_GW_pool2	plate2	TCCGTTATGT	TACACTACAA	May2025 pilot seq		150	150	NA	NA	NA
pool2	guide_8	pool2:guide_8	guide	NA	NA	/oak/stanford/groups/engreitz/Users/tonyzeng/GW_PERTURB/data/20250523_LH00826_0055_B22TL3GLT4/May2025_GW_pool2	/oak/stanford/groups/engreitz/Users/tonyzeng/GW_PERTURB/data/20250730_LH00132_0550_A22F3YKLT4/May2025_GW_pool2	/oak/stanford/groups/engreitz/Users/tonyzeng/GW_PERTURB/data/20250801_LH00416_0291_B22F3WTLT4/May2025_GW_pool2	/oak/stanford/groups/engreitz/Users/tonyzeng/GW_PERTURB/data/20250523_LH00826_0055_B22TL3GLT4/May2025_GW_pool2;/oak/stanford/groups/engreitz/Users/tonyzeng/GW_PERTURB/data/20250730_LH00132_0550_A22F3YKLT4/May2025_GW_pool2;/oak/stanford/groups/engreitz/Users/tonyzeng/GW_PERTURB/data/20250801_LH00416_0291_B22F3WTLT4/May2025_GW_pool2	plate2	GGTCTATTAA	CGTGTCGTGG	May2025 pilot seq		150	150	NA	NA	NA
pool3	gex_batch_1	pool3:gex_batch_1	gex	50000	1543.75	/oak/stanford/groups/engreitz/Users/tonyzeng/GW_PERTURB/data/20250523_LH00826_0055_B22TL3GLT4/May2025_GW_pool3	NA	NA	/oak/stanford/groups/engreitz/Users/tonyzeng/GW_PERTURB/data/20250523_LH00826_0055_B22TL3GLT4/May2025_GW_pool3	plate1	GATCAAGGCA	ATTAACAAGG	May2025 pilot seq		150	150	pool3	guide_batch_1	pool3:guide_batch_1
pool3	gex_batch_2	pool3:gex_batch_2	gex	50000	1543.75	/oak/stanford/groups/engreitz/Users/tonyzeng/GW_PERTURB/data/20250523_LH00826_0055_B22TL3GLT4/May2025_GW_pool3	NA	NA	/oak/stanford/groups/engreitz/Users/tonyzeng/GW_PERTURB/data/20250523_LH00826_0055_B22TL3GLT4/May2025_GW_pool3	plate2	AGGTCAGATA	TATCTTGTAG	May2025 pilot seq	SAMPLE MIXUP	150	150	pool2	guide_1	pool2:guide_1
pool3	gex_batch_3	pool3:gex_batch_3	gex	50000	1543.75	/oak/stanford/groups/engreitz/Users/tonyzeng/GW_PERTURB/data/20250523_LH00826_0055_B22TL3GLT4/May2025_GW_pool3	NA	NA	/oak/stanford/groups/engreitz/Users/tonyzeng/GW_PERTURB/data/20250523_LH00826_0055_B22TL3GLT4/May2025_GW_pool3	plate3	GAACTGAGCG	CGCTCCACGA	May2025 pilot seq		150	150	pool3	guide_batch_3	pool3:guide_batch_3
pool3	gex_batch_5	pool3:gex_batch_5	gex	50000	1543.75	/oak/stanford/groups/engreitz/Users/tonyzeng/GW_PERTURB/data/20250523_LH00826_0055_B22TL3GLT4/May2025_GW_pool3	NA	NA	/oak/stanford/groups/engreitz/Users/tonyzeng/GW_PERTURB/data/20250523_LH00826_0055_B22TL3GLT4/May2025_GW_pool3	plate5	CTAGTGCTCT	TACTGTTCCA	May2025 pilot seq		150	150	pool3	guide_batch_5	pool3:guide_batch_5
pool3	guide_batch_1	pool3:guide_batch_1	guide	NA	NA	/oak/stanford/groups/engreitz/Users/tonyzeng/GW_PERTURB/data/20250523_LH00826_0055_B22TL3GLT4/May2025_GW_pool3	NA	NA	/oak/stanford/groups/engreitz/Users/tonyzeng/GW_PERTURB/data/20250523_LH00826_0055_B22TL3GLT4/May2025_GW_pool3	plate1	GGTCTATTAA	CGTGTCGTGG	May2025 pilot seq		150	150	NA	NA	NA
pool3	guide_batch_2	pool3:guide_batch_2	guide	NA	NA	/oak/stanford/groups/engreitz/Users/tonyzeng/GW_PERTURB/data/20250523_LH00826_0055_B22TL3GLT4/May2025_GW_pool3	NA	NA	/oak/stanford/groups/engreitz/Users/tonyzeng/GW_PERTURB/data/20250523_LH00826_0055_B22TL3GLT4/May2025_GW_pool3	plate2	CACTCAATTC	CACAACTTAA	May2025 pilot seq		150	150	NA	NA	NA
pool3	guide_batch_3	pool3:guide_batch_3	guide	NA	NA	/oak/stanford/groups/engreitz/Users/tonyzeng/GW_PERTURB/data/20250523_LH00826_0055_B22TL3GLT4/May2025_GW_pool3	NA	NA	/oak/stanford/groups/engreitz/Users/tonyzeng/GW_PERTURB/data/20250523_LH00826_0055_B22TL3GLT4/May2025_GW_pool3	plate3	TGCCGGTCAG	TTGTATCAGG	May2025 pilot seq		150	150	NA	NA	NA
pool3	guide_batch_5	pool3:guide_batch_5	guide	NA	NA	/oak/stanford/groups/engreitz/Users/tonyzeng/GW_PERTURB/data/20250523_LH00826_0055_B22TL3GLT4/May2025_GW_pool3	NA	NA	/oak/stanford/groups/engreitz/Users/tonyzeng/GW_PERTURB/data/20250523_LH00826_0055_B22TL3GLT4/May2025_GW_pool3	plate5	TCCGTTATGT	TACACTACAA	May2025 pilot seq		150	150	NA	NA	NA
pool3	other_1	pool3:other_1	other	5000	100	/oak/stanford/groups/engreitz/Users/tonyzeng/GW_PERTURB/data/20250523_LH00826_0055_B22TL3GLT4/May2025_GW_pool3	NA	NA	/oak/stanford/groups/engreitz/Users/tonyzeng/GW_PERTURB/data/20250523_LH00826_0055_B22TL3GLT4/May2025_GW_pool3	NA	CGACATCCGA	AATGAACGTA	May2025 pilot seq	expectation is zero counts	150	150	NA	NA	NA
pool3	other_2	pool3:other_2	other	5000	100	/oak/stanford/groups/engreitz/Users/tonyzeng/GW_PERTURB/data/20250523_LH00826_0055_B22TL3GLT4/May2025_GW_pool3	NA	NA	/oak/stanford/groups/engreitz/Users/tonyzeng/GW_PERTURB/data/20250523_LH00826_0055_B22TL3GLT4/May2025_GW_pool3	NA	ATTCCATAAG	CCACCAGGCA	May2025 pilot seq	expectation is zero counts	150	150	NA	NA	NA
pool3	other_3	pool3:other_3	other	5000	100	/oak/stanford/groups/engreitz/Users/tonyzeng/GW_PERTURB/data/20250523_LH00826_0055_B22TL3GLT4/May2025_GW_pool3	NA	NA	/oak/stanford/groups/engreitz/Users/tonyzeng/GW_PERTURB/data/20250523_LH00826_0055_B22TL3GLT4/May2025_GW_pool3	NA	CACAATAGGA	CTCGGATGGA	May2025 pilot seq	expectation is zero counts	150	150	NA	NA	NA
pool3	other_4	pool3:other_4	other	5000	100	/oak/stanford/groups/engreitz/Users/tonyzeng/GW_PERTURB/data/20250523_LH00826_0055_B22TL3GLT4/May2025_GW_pool3	NA	NA	/oak/stanford/groups/engreitz/Users/tonyzeng/GW_PERTURB/data/20250523_LH00826_0055_B22TL3GLT4/May2025_GW_pool3	NA	AACATCGCGC	ACAAGTGGAC	May2025 pilot seq	expectation is zero counts	150	150	NA	NA	NA
pool3	other_5	pool3:other_5	other	5000	100	/oak/stanford/groups/engreitz/Users/tonyzeng/GW_PERTURB/data/20250523_LH00826_0055_B22TL3GLT4/May2025_GW_pool3	NA	NA	/oak/stanford/groups/engreitz/Users/tonyzeng/GW_PERTURB/data/20250523_LH00826_0055_B22TL3GLT4/May2025_GW_pool3	NA	TCTCACACGC	TCACTGTCCG	May2025 pilot seq	expectation is zero counts	150	150	NA	NA	NA
pool3	other_6	pool3:other_6	other	5000	100	/oak/stanford/groups/engreitz/Users/tonyzeng/GW_PERTURB/data/20250523_LH00826_0055_B22TL3GLT4/May2025_GW_pool3	NA	NA	/oak/stanford/groups/engreitz/Users/tonyzeng/GW_PERTURB/data/20250523_LH00826_0055_B22TL3GLT4/May2025_GW_pool3	NA	TCAATGGAGA	GTTGTAGTGC	May2025 pilot seq	expectation is zero counts	150	150	NA	NA	NA
pool3	other_7	pool3:other_7	other	5000	100	/oak/stanford/groups/engreitz/Users/tonyzeng/GW_PERTURB/data/20250523_LH00826_0055_B22TL3GLT4/May2025_GW_pool3	NA	NA	/oak/stanford/groups/engreitz/Users/tonyzeng/GW_PERTURB/data/20250523_LH00826_0055_B22TL3GLT4/May2025_GW_pool3	NA	ATATGCATGT	CCAGGCACCA	May2025 pilot seq	expectation is zero counts	150	150	NA	NA	NA
pool3	other_8	pool3:other_8	other	5000	100	/oak/stanford/groups/engreitz/Users/tonyzeng/GW_PERTURB/data/20250523_LH00826_0055_B22TL3GLT4/May2025_GW_pool3	NA	NA	/oak/stanford/groups/engreitz/Users/tonyzeng/GW_PERTURB/data/20250523_LH00826_0055_B22TL3GLT4/May2025_GW_pool3	NA	CTAGCTTCAA	AGCTTACACA	May2025 pilot seq	expectation is zero counts	150	150	NA	NA	NA
																			
																			
																			
																			
																			
																			
																			
																			
																			
																			
																			
																			
																			
																			
																			
																			
pool2	gex_1	pool2:gex_1	gex	50000	771.875	/oak/stanford/groups/engreitz/Users/tonyzeng/GW_PERTURB/data/20250730_LH00132_0550_A22F3YKLT4/May2025_GW_pool2				plate2	GAACTGAGCG	CGCTCCACGA	May2025 main seq	SAMPLE MIXUP	150	150	pool3	guide_batch_2	pool3:guide_batch_2
pool2	gex_2	pool2:gex_2	gex	50000	771.875	/oak/stanford/groups/engreitz/Users/tonyzeng/GW_PERTURB/data/20250730_LH00132_0550_A22F3YKLT4/May2025_GW_pool2				plate2	AGGTCAGATA	TATCTTGTAG	May2025 main seq		150	150	pool2	guide_2	pool2:guide_2
pool2	gex_3	pool2:gex_3	gex	50000	771.875	/oak/stanford/groups/engreitz/Users/tonyzeng/GW_PERTURB/data/20250730_LH00132_0550_A22F3YKLT4/May2025_GW_pool2				plate2	CGACATCCGA	AATGAACGTA	May2025 main seq		150	150	pool2	guide_3	pool2:guide_3
pool2	gex_4	pool2:gex_4	gex	50000	771.875	/oak/stanford/groups/engreitz/Users/tonyzeng/GW_PERTURB/data/20250730_LH00132_0550_A22F3YKLT4/May2025_GW_pool2				plate2	ATTCCATAAG	CCACCAGGCA	May2025 main seq		150	150	pool2	guide_4	pool2:guide_4
pool2	gex_5	pool2:gex_5	gex	50000	771.875	/oak/stanford/groups/engreitz/Users/tonyzeng/GW_PERTURB/data/20250730_LH00132_0550_A22F3YKLT4/May2025_GW_pool2				plate2	CACAATAGGA	CTCGGATGGA	May2025 main seq		150	150	pool2	guide_5	pool2:guide_5
pool2	gex_6	pool2:gex_6	gex	50000	771.875	/oak/stanford/groups/engreitz/Users/tonyzeng/GW_PERTURB/data/20250730_LH00132_0550_A22F3YKLT4/May2025_GW_pool2				plate2	AACATCGCGC	ACAAGTGGAC	May2025 main seq		150	150	pool2	guide_6	pool2:guide_6
pool2	gex_7	pool2:gex_7	gex	50000	771.875	/oak/stanford/groups/engreitz/Users/tonyzeng/GW_PERTURB/data/20250730_LH00132_0550_A22F3YKLT4/May2025_GW_pool2				plate2	CTAGTGCTCT	TACTGTTCCA	May2025 main seq		150	150	pool2	guide_7	pool2:guide_7
pool2	gex_8	pool2:gex_8	gex	50000	771.875	/oak/stanford/groups/engreitz/Users/tonyzeng/GW_PERTURB/data/20250730_LH00132_0550_A22F3YKLT4/May2025_GW_pool2				plate2	GATCAAGGCA	ATTAACAAGG	May2025 main seq		150	150	pool2	guide_8	pool2:guide_8
pool2	guide_1	pool2:guide_1	guide	NA	NA	/oak/stanford/groups/engreitz/Users/tonyzeng/GW_PERTURB/data/20250730_LH00132_0550_A22F3YKLT4/May2025_GW_pool2				plate2	TGCCGGTCAG	TTGTATCAGG	May2025 main seq		150	150	NA	NA	NA
pool2	guide_2	pool2:guide_2	guide	NA	NA	/oak/stanford/groups/engreitz/Users/tonyzeng/GW_PERTURB/data/20250730_LH00132_0550_A22F3YKLT4/May2025_GW_pool2				plate2	CACTCAATTC	CACAACTTAA	May2025 main seq		150	150	NA	NA	NA
pool2	guide_3	pool2:guide_3	guide	NA	NA	/oak/stanford/groups/engreitz/Users/tonyzeng/GW_PERTURB/data/20250730_LH00132_0550_A22F3YKLT4/May2025_GW_pool2				plate2	TCTCACACGC	TCACTGTCCG	May2025 main seq		150	150	NA	NA	NA
pool2	guide_4	pool2:guide_4	guide	NA	NA	/oak/stanford/groups/engreitz/Users/tonyzeng/GW_PERTURB/data/20250730_LH00132_0550_A22F3YKLT4/May2025_GW_pool2				plate2	TCAATGGAGA	GTTGTAGTGC	May2025 main seq		150	150	NA	NA	NA
pool2	guide_5	pool2:guide_5	guide	NA	NA	/oak/stanford/groups/engreitz/Users/tonyzeng/GW_PERTURB/data/20250730_LH00132_0550_A22F3YKLT4/May2025_GW_pool2				plate2	ATATGCATGT	CCAGGCACCA	May2025 main seq		150	150	NA	NA	NA
pool2	guide_6	pool2:guide_6	guide	NA	NA	/oak/stanford/groups/engreitz/Users/tonyzeng/GW_PERTURB/data/20250730_LH00132_0550_A22F3YKLT4/May2025_GW_pool2				plate2	CTAGCTTCAA	AGCTTACACA	May2025 main seq		150	150	NA	NA	NA
pool2	guide_7	pool2:guide_7	guide	NA	NA	/oak/stanford/groups/engreitz/Users/tonyzeng/GW_PERTURB/data/20250730_LH00132_0550_A22F3YKLT4/May2025_GW_pool2				plate2	TCCGTTATGT	TACACTACAA	May2025 main seq		150	150	NA	NA	NA
pool2	guide_8	pool2:guide_8	guide	NA	NA	/oak/stanford/groups/engreitz/Users/tonyzeng/GW_PERTURB/data/20250730_LH00132_0550_A22F3YKLT4/May2025_GW_pool2				plate2	GGTCTATTAA	CGTGTCGTGG	May2025 main seq		150	150	NA	NA	NA
pool2	gex_1	pool2:gex_1	gex	50000	771.875	/oak/stanford/groups/engreitz/Users/tonyzeng/GW_PERTURB/data/20250801_LH00416_0291_B22F3WTLT4/May2025_GW_pool2				plate2	GAACTGAGCG	CGCTCCACGA	May2025 main seq	SAMPLE MIXUP	150	150	pool3	guide_batch_2	pool3:guide_batch_2
pool2	gex_2	pool2:gex_2	gex	50000	771.875	/oak/stanford/groups/engreitz/Users/tonyzeng/GW_PERTURB/data/20250801_LH00416_0291_B22F3WTLT4/May2025_GW_pool2				plate2	AGGTCAGATA	TATCTTGTAG	May2025 main seq		150	150	pool2	guide_2	pool2:guide_2
pool2	gex_3	pool2:gex_3	gex	50000	771.875	/oak/stanford/groups/engreitz/Users/tonyzeng/GW_PERTURB/data/20250801_LH00416_0291_B22F3WTLT4/May2025_GW_pool2				plate2	CGACATCCGA	AATGAACGTA	May2025 main seq		150	150	pool2	guide_3	pool2:guide_3
pool2	gex_4	pool2:gex_4	gex	50000	771.875	/oak/stanford/groups/engreitz/Users/tonyzeng/GW_PERTURB/data/20250801_LH00416_0291_B22F3WTLT4/May2025_GW_pool2				plate2	ATTCCATAAG	CCACCAGGCA	May2025 main seq		150	150	pool2	guide_4	pool2:guide_4
pool2	gex_5	pool2:gex_5	gex	50000	771.875	/oak/stanford/groups/engreitz/Users/tonyzeng/GW_PERTURB/data/20250801_LH00416_0291_B22F3WTLT4/May2025_GW_pool2				plate2	CACAATAGGA	CTCGGATGGA	May2025 main seq		150	150	pool2	guide_5	pool2:guide_5
pool2	gex_6	pool2:gex_6	gex	50000	771.875	/oak/stanford/groups/engreitz/Users/tonyzeng/GW_PERTURB/data/20250801_LH00416_0291_B22F3WTLT4/May2025_GW_pool2				plate2	AACATCGCGC	ACAAGTGGAC	May2025 main seq		150	150	pool2	guide_6	pool2:guide_6
pool2	gex_7	pool2:gex_7	gex	50000	771.875	/oak/stanford/groups/engreitz/Users/tonyzeng/GW_PERTURB/data/20250801_LH00416_0291_B22F3WTLT4/May2025_GW_pool2				plate2	CTAGTGCTCT	TACTGTTCCA	May2025 main seq		150	150	pool2	guide_7	pool2:guide_7
pool2	gex_8	pool2:gex_8	gex	50000	771.875	/oak/stanford/groups/engreitz/Users/tonyzeng/GW_PERTURB/data/20250801_LH00416_0291_B22F3WTLT4/May2025_GW_pool2				plate2	GATCAAGGCA	ATTAACAAGG	May2025 main seq		150	150	pool2	guide_8	pool2:guide_8
pool2	guide_1	pool2:guide_1	guide	NA	NA	/oak/stanford/groups/engreitz/Users/tonyzeng/GW_PERTURB/data/20250801_LH00416_0291_B22F3WTLT4/May2025_GW_pool2				plate2	TGCCGGTCAG	TTGTATCAGG	May2025 main seq		150	150	NA	NA	NA
pool2	guide_2	pool2:guide_2	guide	NA	NA	/oak/stanford/groups/engreitz/Users/tonyzeng/GW_PERTURB/data/20250801_LH00416_0291_B22F3WTLT4/May2025_GW_pool2				plate2	CACTCAATTC	CACAACTTAA	May2025 main seq		150	150	NA	NA	NA
pool2	guide_3	pool2:guide_3	guide	NA	NA	/oak/stanford/groups/engreitz/Users/tonyzeng/GW_PERTURB/data/20250801_LH00416_0291_B22F3WTLT4/May2025_GW_pool2				plate2	TCTCACACGC	TCACTGTCCG	May2025 main seq		150	150	NA	NA	NA
pool2	guide_4	pool2:guide_4	guide	NA	NA	/oak/stanford/groups/engreitz/Users/tonyzeng/GW_PERTURB/data/20250801_LH00416_0291_B22F3WTLT4/May2025_GW_pool2				plate2	TCAATGGAGA	GTTGTAGTGC	May2025 main seq		150	150	NA	NA	NA
pool2	guide_5	pool2:guide_5	guide	NA	NA	/oak/stanford/groups/engreitz/Users/tonyzeng/GW_PERTURB/data/20250801_LH00416_0291_B22F3WTLT4/May2025_GW_pool2				plate2	ATATGCATGT	CCAGGCACCA	May2025 main seq		150	150	NA	NA	NA
pool2	guide_6	pool2:guide_6	guide	NA	NA	/oak/stanford/groups/engreitz/Users/tonyzeng/GW_PERTURB/data/20250801_LH00416_0291_B22F3WTLT4/May2025_GW_pool2				plate2	CTAGCTTCAA	AGCTTACACA	May2025 main seq		150	150	NA	NA	NA
pool2	guide_7	pool2:guide_7	guide	NA	NA	/oak/stanford/groups/engreitz/Users/tonyzeng/GW_PERTURB/data/20250801_LH00416_0291_B22F3WTLT4/May2025_GW_pool2				plate2	TCCGTTATGT	TACACTACAA	May2025 main seq		150	150	NA	NA	NA
pool2	guide_8	pool2:guide_8	guide	NA	NA	/oak/stanford/groups/engreitz/Users/tonyzeng/GW_PERTURB/data/20250801_LH00416_0291_B22F3WTLT4/May2025_GW_pool2				plate2	GGTCTATTAA	CGTGTCGTGG	May2025 main seq		150	150	NA	NA	NA